year_month,count,date,twitter_data,office_type
2008-12,6,2008-12-01,Combined Accounts,Senate
2009-01,6,2009-01-01,Combined Accounts,Senate
2009-02,10,2009-02-01,Combined Accounts,Senate
2009-03,58,2009-03-01,Combined Accounts,Senate
2009-04,192,2009-04-01,Combined Accounts,Senate
2009-05,142,2009-05-01,Combined Accounts,Senate
2009-06,115,2009-06-01,Combined Accounts,Senate
2009-07,104,2009-07-01,Combined Accounts,Senate
2009-08,154,2009-08-01,Combined Accounts,Senate
2009-09,158,2009-09-01,Combined Accounts,Senate
2009-10,217,2009-10-01,Combined Accounts,Senate
2009-11,250,2009-11-01,Combined Accounts,Senate
2009-12,243,2009-12-01,Combined Accounts,Senate
2010-01,343,2010-01-01,Combined Accounts,Senate
2010-02,365,2010-02-01,Combined Accounts,Senate
2010-03,454,2010-03-01,Combined Accounts,Senate
2010-04,561,2010-04-01,Combined Accounts,Senate
2010-05,432,2010-05-01,Combined Accounts,Senate
2010-06,550,2010-06-01,Combined Accounts,Senate
2010-07,702,2010-07-01,Combined Accounts,Senate
2010-08,740,2010-08-01,Combined Accounts,Senate
2010-09,558,2010-09-01,Combined Accounts,Senate
2010-10,1039,2010-10-01,Combined Accounts,Senate
2010-11,300,2010-11-01,Combined Accounts,Senate
2010-12,92,2010-12-01,Combined Accounts,Senate
2011-01,219,2011-01-01,Combined Accounts,Senate
2011-02,205,2011-02-01,Combined Accounts,Senate
2011-03,325,2011-03-01,Combined Accounts,Senate
2011-04,359,2011-04-01,Combined Accounts,Senate
2011-05,296,2011-05-01,Combined Accounts,Senate
2011-06,208,2011-06-01,Combined Accounts,Senate
2011-07,333,2011-07-01,Combined Accounts,Senate
2011-08,357,2011-08-01,Combined Accounts,Senate
2011-09,352,2011-09-01,Combined Accounts,Senate
2011-10,454,2011-10-01,Combined Accounts,Senate
2011-11,515,2011-11-01,Combined Accounts,Senate
2011-12,535,2011-12-01,Combined Accounts,Senate
2012-01,651,2012-01-01,Combined Accounts,Senate
2012-02,647,2012-02-01,Combined Accounts,Senate
2012-03,863,2012-03-01,Combined Accounts,Senate
2012-04,825,2012-04-01,Combined Accounts,Senate
2012-05,1288,2012-05-01,Combined Accounts,Senate
2012-06,1151,2012-06-01,Combined Accounts,Senate
2012-07,1147,2012-07-01,Combined Accounts,Senate
2012-08,1207,2012-08-01,Combined Accounts,Senate
2012-09,1317,2012-09-01,Combined Accounts,Senate
2012-10,2932,2012-10-01,Combined Accounts,Senate
2012-11,1312,2012-11-01,Combined Accounts,Senate
2012-12,461,2012-12-01,Combined Accounts,Senate
2013-01,636,2013-01-01,Combined Accounts,Senate
2013-02,842,2013-02-01,Combined Accounts,Senate
2013-03,1149,2013-03-01,Combined Accounts,Senate
2013-04,1223,2013-04-01,Combined Accounts,Senate
2013-05,1293,2013-05-01,Combined Accounts,Senate
2013-06,1203,2013-06-01,Combined Accounts,Senate
2013-07,1265,2013-07-01,Combined Accounts,Senate
2013-08,1192,2013-08-01,Combined Accounts,Senate
2013-09,1253,2013-09-01,Combined Accounts,Senate
2013-10,1412,2013-10-01,Combined Accounts,Senate
2013-11,1215,2013-11-01,Combined Accounts,Senate
2013-12,860,2013-12-01,Combined Accounts,Senate
2014-01,1448,2014-01-01,Combined Accounts,Senate
2014-02,1486,2014-02-01,Combined Accounts,Senate
2014-03,1852,2014-03-01,Combined Accounts,Senate
2014-04,1927,2014-04-01,Combined Accounts,Senate
2014-05,1778,2014-05-01,Combined Accounts,Senate
2014-06,1781,2014-06-01,Combined Accounts,Senate
2014-07,1943,2014-07-01,Combined Accounts,Senate
2014-08,1748,2014-08-01,Combined Accounts,Senate
2014-09,2159,2014-09-01,Combined Accounts,Senate
2014-10,5055,2014-10-01,Combined Accounts,Senate
2014-11,1951,2014-11-01,Combined Accounts,Senate
2014-12,695,2014-12-01,Combined Accounts,Senate
2015-01,1548,2015-01-01,Combined Accounts,Senate
2015-02,1616,2015-02-01,Combined Accounts,Senate
2015-03,2184,2015-03-01,Combined Accounts,Senate
2015-04,1869,2015-04-01,Combined Accounts,Senate
2015-05,1902,2015-05-01,Combined Accounts,Senate
2015-06,2197,2015-06-01,Combined Accounts,Senate
2015-07,2705,2015-07-01,Combined Accounts,Senate
2015-08,2001,2015-08-01,Combined Accounts,Senate
2015-09,2829,2015-09-01,Combined Accounts,Senate
2015-10,3368,2015-10-01,Combined Accounts,Senate
2015-11,2798,2015-11-01,Combined Accounts,Senate
2015-12,2956,2015-12-01,Combined Accounts,Senate
2016-01,4039,2016-01-01,Combined Accounts,Senate
2016-02,3679,2016-02-01,Combined Accounts,Senate
2016-03,4574,2016-03-01,Combined Accounts,Senate
2016-04,4009,2016-04-01,Combined Accounts,Senate
2016-05,3752,2016-05-01,Combined Accounts,Senate
2016-06,4127,2016-06-01,Combined Accounts,Senate
2016-07,3820,2016-07-01,Combined Accounts,Senate
2016-08,4098,2016-08-01,Combined Accounts,Senate
2016-09,4838,2016-09-01,Combined Accounts,Senate
2016-10,6746,2016-10-01,Combined Accounts,Senate
2016-11,3556,2016-11-01,Combined Accounts,Senate
2016-12,2153,2016-12-01,Combined Accounts,Senate
2017-01,3757,2017-01-01,Combined Accounts,Senate
2017-02,3168,2017-02-01,Combined Accounts,Senate
2017-03,4372,2017-03-01,Combined Accounts,Senate
2017-04,3322,2017-04-01,Combined Accounts,Senate
2017-05,4003,2017-05-01,Combined Accounts,Senate
2017-06,4164,2017-06-01,Combined Accounts,Senate
2017-07,4041,2017-07-01,Combined Accounts,Senate
2017-08,3341,2017-08-01,Combined Accounts,Senate
2017-09,4570,2017-09-01,Combined Accounts,Senate
2017-10,3986,2017-10-01,Combined Accounts,Senate
2017-11,3723,2017-11-01,Combined Accounts,Senate
2017-12,3522,2017-12-01,Combined Accounts,Senate
2018-01,4282,2018-01-01,Combined Accounts,Senate
2018-02,3504,2018-02-01,Combined Accounts,Senate
2018-03,5230,2018-03-01,Combined Accounts,Senate
2018-04,4375,2018-04-01,Combined Accounts,Senate
2018-05,4704,2018-05-01,Combined Accounts,Senate
2018-06,5070,2018-06-01,Combined Accounts,Senate
2018-07,4796,2018-07-01,Combined Accounts,Senate
2018-08,5297,2018-08-01,Combined Accounts,Senate
2018-09,5374,2018-09-01,Combined Accounts,Senate
2018-10,9391,2018-10-01,Combined Accounts,Senate
2018-11,4746,2018-11-01,Combined Accounts,Senate
2018-12,2245,2018-12-01,Combined Accounts,Senate
2019-01,2603,2019-01-01,Combined Accounts,Senate
2019-02,2696,2019-02-01,Combined Accounts,Senate
2019-03,3069,2019-03-01,Combined Accounts,Senate
2019-04,2652,2019-04-01,Combined Accounts,Senate
2019-05,3120,2019-05-01,Combined Accounts,Senate
2019-06,3361,2019-06-01,Combined Accounts,Senate
2019-07,3129,2019-07-01,Combined Accounts,Senate
2019-08,2655,2019-08-01,Combined Accounts,Senate
2019-09,2994,2019-09-01,Combined Accounts,Senate
2019-10,3397,2019-10-01,Combined Accounts,Senate
2019-11,2817,2019-11-01,Combined Accounts,Senate
2019-12,2824,2019-12-01,Combined Accounts,Senate
2020-01,3508,2020-01-01,Combined Accounts,Senate
2020-02,3267,2020-02-01,Combined Accounts,Senate
2020-03,5170,2020-03-01,Combined Accounts,Senate
2020-04,4827,2020-04-01,Combined Accounts,Senate
2020-05,2817,2020-05-01,Combined Accounts,Senate
2020-06,2392,2020-06-01,Combined Accounts,Senate
2020-07,2612,2020-07-01,Combined Accounts,Senate
2020-08,3896,2020-08-01,Combined Accounts,Senate
2020-09,4410,2020-09-01,Combined Accounts,Senate
2020-10,5867,2020-10-01,Combined Accounts,Senate
2020-11,2622,2020-11-01,Combined Accounts,Senate
2008-12,6,2008-12-01,All Accounts,Senate
2009-01,6,2009-01-01,All Accounts,Senate
2009-02,10,2009-02-01,All Accounts,Senate
2009-03,58,2009-03-01,All Accounts,Senate
2009-04,192,2009-04-01,All Accounts,Senate
2009-05,142,2009-05-01,All Accounts,Senate
2009-06,115,2009-06-01,All Accounts,Senate
2009-07,104,2009-07-01,All Accounts,Senate
2009-08,154,2009-08-01,All Accounts,Senate
2009-09,158,2009-09-01,All Accounts,Senate
2009-10,217,2009-10-01,All Accounts,Senate
2009-11,250,2009-11-01,All Accounts,Senate
2009-12,243,2009-12-01,All Accounts,Senate
2010-01,344,2010-01-01,All Accounts,Senate
2010-02,375,2010-02-01,All Accounts,Senate
2010-03,489,2010-03-01,All Accounts,Senate
2010-04,588,2010-04-01,All Accounts,Senate
2010-05,440,2010-05-01,All Accounts,Senate
2010-06,563,2010-06-01,All Accounts,Senate
2010-07,706,2010-07-01,All Accounts,Senate
2010-08,764,2010-08-01,All Accounts,Senate
2010-09,585,2010-09-01,All Accounts,Senate
2010-10,1107,2010-10-01,All Accounts,Senate
2010-11,316,2010-11-01,All Accounts,Senate
2010-12,92,2010-12-01,All Accounts,Senate
2011-01,219,2011-01-01,All Accounts,Senate
2011-02,213,2011-02-01,All Accounts,Senate
2011-03,312,2011-03-01,All Accounts,Senate
2011-04,366,2011-04-01,All Accounts,Senate
2011-05,312,2011-05-01,All Accounts,Senate
2011-06,216,2011-06-01,All Accounts,Senate
2011-07,345,2011-07-01,All Accounts,Senate
2011-08,367,2011-08-01,All Accounts,Senate
2011-09,360,2011-09-01,All Accounts,Senate
2011-10,462,2011-10-01,All Accounts,Senate
2011-11,549,2011-11-01,All Accounts,Senate
2011-12,557,2011-12-01,All Accounts,Senate
2012-01,751,2012-01-01,All Accounts,Senate
2012-02,834,2012-02-01,All Accounts,Senate
2012-03,927,2012-03-01,All Accounts,Senate
2012-04,939,2012-04-01,All Accounts,Senate
2012-05,1478,2012-05-01,All Accounts,Senate
2012-06,1447,2012-06-01,All Accounts,Senate
2012-07,1515,2012-07-01,All Accounts,Senate
2012-08,1552,2012-08-01,All Accounts,Senate
2012-09,1573,2012-09-01,All Accounts,Senate
2012-10,3338,2012-10-01,All Accounts,Senate
2012-11,1611,2012-11-01,All Accounts,Senate
2012-12,558,2012-12-01,All Accounts,Senate
2013-01,764,2013-01-01,All Accounts,Senate
2013-02,1011,2013-02-01,All Accounts,Senate
2013-03,1177,2013-03-01,All Accounts,Senate
2013-04,1332,2013-04-01,All Accounts,Senate
2013-05,1437,2013-05-01,All Accounts,Senate
2013-06,1378,2013-06-01,All Accounts,Senate
2013-07,1414,2013-07-01,All Accounts,Senate
2013-08,1314,2013-08-01,All Accounts,Senate
2013-09,1384,2013-09-01,All Accounts,Senate
2013-10,1529,2013-10-01,All Accounts,Senate
2013-11,1350,2013-11-01,All Accounts,Senate
2013-12,925,2013-12-01,All Accounts,Senate
2014-01,1680,2014-01-01,All Accounts,Senate
2014-02,1760,2014-02-01,All Accounts,Senate
2014-03,2080,2014-03-01,All Accounts,Senate
2014-04,2297,2014-04-01,All Accounts,Senate
2014-05,2280,2014-05-01,All Accounts,Senate
2014-06,2182,2014-06-01,All Accounts,Senate
2014-07,2488,2014-07-01,All Accounts,Senate
2014-08,2061,2014-08-01,All Accounts,Senate
2014-09,2613,2014-09-01,All Accounts,Senate
2014-10,5469,2014-10-01,All Accounts,Senate
2014-11,2192,2014-11-01,All Accounts,Senate
2014-12,780,2014-12-01,All Accounts,Senate
2015-01,1733,2015-01-01,All Accounts,Senate
2015-02,1805,2015-02-01,All Accounts,Senate
2015-03,2235,2015-03-01,All Accounts,Senate
2015-04,2078,2015-04-01,All Accounts,Senate
2015-05,2131,2015-05-01,All Accounts,Senate
2015-06,2560,2015-06-01,All Accounts,Senate
2015-07,3045,2015-07-01,All Accounts,Senate
2015-08,2262,2015-08-01,All Accounts,Senate
2015-09,3106,2015-09-01,All Accounts,Senate
2015-10,3643,2015-10-01,All Accounts,Senate
2015-11,3095,2015-11-01,All Accounts,Senate
2015-12,3432,2015-12-01,All Accounts,Senate
2016-01,4622,2016-01-01,All Accounts,Senate
2016-02,4648,2016-02-01,All Accounts,Senate
2016-03,5024,2016-03-01,All Accounts,Senate
2016-04,4647,2016-04-01,All Accounts,Senate
2016-05,4554,2016-05-01,All Accounts,Senate
2016-06,5263,2016-06-01,All Accounts,Senate
2016-07,4875,2016-07-01,All Accounts,Senate
2016-08,5165,2016-08-01,All Accounts,Senate
2016-09,6057,2016-09-01,All Accounts,Senate
2016-10,7809,2016-10-01,All Accounts,Senate
2016-11,4443,2016-11-01,All Accounts,Senate
2016-12,2433,2016-12-01,All Accounts,Senate
2017-01,4186,2017-01-01,All Accounts,Senate
2017-02,3713,2017-02-01,All Accounts,Senate
2017-03,4659,2017-03-01,All Accounts,Senate
2017-04,3747,2017-04-01,All Accounts,Senate
2017-05,4443,2017-05-01,All Accounts,Senate
2017-06,4738,2017-06-01,All Accounts,Senate
2017-07,4675,2017-07-01,All Accounts,Senate
2017-08,3755,2017-08-01,All Accounts,Senate
2017-09,5240,2017-09-01,All Accounts,Senate
2017-10,4703,2017-10-01,All Accounts,Senate
2017-11,4444,2017-11-01,All Accounts,Senate
2017-12,4121,2017-12-01,All Accounts,Senate
2018-01,5190,2018-01-01,All Accounts,Senate
2018-02,4556,2018-02-01,All Accounts,Senate
2018-03,6270,2018-03-01,All Accounts,Senate
2018-04,5805,2018-04-01,All Accounts,Senate
2018-05,6332,2018-05-01,All Accounts,Senate
2018-06,6953,2018-06-01,All Accounts,Senate
2018-07,6534,2018-07-01,All Accounts,Senate
2018-08,7169,2018-08-01,All Accounts,Senate
2018-09,7353,2018-09-01,All Accounts,Senate
2018-10,12304,2018-10-01,All Accounts,Senate
2018-11,6181,2018-11-01,All Accounts,Senate
2018-12,2549,2018-12-01,All Accounts,Senate
2019-01,3071,2019-01-01,All Accounts,Senate
2019-02,3238,2019-02-01,All Accounts,Senate
2019-03,3563,2019-03-01,All Accounts,Senate
2019-04,3272,2019-04-01,All Accounts,Senate
2019-05,3897,2019-05-01,All Accounts,Senate
2019-06,4104,2019-06-01,All Accounts,Senate
2019-07,3931,2019-07-01,All Accounts,Senate
2019-08,3309,2019-08-01,All Accounts,Senate
2019-09,3630,2019-09-01,All Accounts,Senate
2019-10,4104,2019-10-01,All Accounts,Senate
2019-11,3483,2019-11-01,All Accounts,Senate
2019-12,3528,2019-12-01,All Accounts,Senate
2020-01,4410,2020-01-01,All Accounts,Senate
2020-02,4195,2020-02-01,All Accounts,Senate
2020-03,6389,2020-03-01,All Accounts,Senate
2020-04,6105,2020-04-01,All Accounts,Senate
2020-05,3796,2020-05-01,All Accounts,Senate
2020-06,3056,2020-06-01,All Accounts,Senate
2020-07,3351,2020-07-01,All Accounts,Senate
2020-08,4800,2020-08-01,All Accounts,Senate
2020-09,5323,2020-09-01,All Accounts,Senate
2020-10,7060,2020-10-01,All Accounts,Senate
2020-11,3047,2020-11-01,All Accounts,Senate
2008-12,77,2008-12-01,Combined Accounts,House
2009-01,145,2009-01-01,Combined Accounts,House
2009-02,426,2009-02-01,Combined Accounts,House
2009-03,584,2009-03-01,Combined Accounts,House
2009-04,565,2009-04-01,Combined Accounts,House
2009-05,488,2009-05-01,Combined Accounts,House
2009-06,714,2009-06-01,Combined Accounts,House
2009-07,926,2009-07-01,Combined Accounts,House
2009-08,601,2009-08-01,Combined Accounts,House
2009-09,992,2009-09-01,Combined Accounts,House
2009-10,987,2009-10-01,Combined Accounts,House
2009-11,1006,2009-11-01,Combined Accounts,House
2009-12,681,2009-12-01,Combined Accounts,House
2010-01,1181,2010-01-01,Combined Accounts,House
2010-02,1144,2010-02-01,Combined Accounts,House
2010-03,2008,2010-03-01,Combined Accounts,House
2010-04,1543,2010-04-01,Combined Accounts,House
2010-05,1479,2010-05-01,Combined Accounts,House
2010-06,1855,2010-06-01,Combined Accounts,House
2010-07,1697,2010-07-01,Combined Accounts,House
2010-08,1632,2010-08-01,Combined Accounts,House
2010-09,1912,2010-09-01,Combined Accounts,House
2010-10,2138,2010-10-01,Combined Accounts,House
2010-11,944,2010-11-01,Combined Accounts,House
2010-12,810,2010-12-01,Combined Accounts,House
2011-01,1586,2011-01-01,Combined Accounts,House
2011-02,1510,2011-02-01,Combined Accounts,House
2011-03,2429,2011-03-01,Combined Accounts,House
2011-04,1924,2011-04-01,Combined Accounts,House
2011-05,2604,2011-05-01,Combined Accounts,House
2011-06,2455,2011-06-01,Combined Accounts,House
2011-07,2741,2011-07-01,Combined Accounts,House
2011-08,1889,2011-08-01,Combined Accounts,House
2011-09,2575,2011-09-01,Combined Accounts,House
2011-10,3244,2011-10-01,Combined Accounts,House
2011-11,2709,2011-11-01,Combined Accounts,House
2011-12,2445,2011-12-01,Combined Accounts,House
2012-01,3248,2012-01-01,Combined Accounts,House
2012-02,3761,2012-02-01,Combined Accounts,House
2012-03,4130,2012-03-01,Combined Accounts,House
2012-04,4253,2012-04-01,Combined Accounts,House
2012-05,4617,2012-05-01,Combined Accounts,House
2012-06,5061,2012-06-01,Combined Accounts,House
2012-07,4868,2012-07-01,Combined Accounts,House
2012-08,4236,2012-08-01,Combined Accounts,House
2012-09,4928,2012-09-01,Combined Accounts,House
2012-10,6131,2012-10-01,Combined Accounts,House
2012-11,4052,2012-11-01,Combined Accounts,House
2012-12,2539,2012-12-01,Combined Accounts,House
2013-01,4797,2013-01-01,Combined Accounts,House
2013-02,5670,2013-02-01,Combined Accounts,House
2013-03,6671,2013-03-01,Combined Accounts,House
2013-04,7510,2013-04-01,Combined Accounts,House
2013-05,9953,2013-05-01,Combined Accounts,House
2013-06,10070,2013-06-01,Combined Accounts,House
2013-07,10506,2013-07-01,Combined Accounts,House
2013-08,7579,2013-08-01,Combined Accounts,House
2013-09,9949,2013-09-01,Combined Accounts,House
2013-10,10907,2013-10-01,Combined Accounts,House
2013-11,8666,2013-11-01,Combined Accounts,House
2013-12,7224,2013-12-01,Combined Accounts,House
2014-01,10832,2014-01-01,Combined Accounts,House
2014-02,9486,2014-02-01,Combined Accounts,House
2014-03,11961,2014-03-01,Combined Accounts,House
2014-04,11880,2014-04-01,Combined Accounts,House
2014-05,13409,2014-05-01,Combined Accounts,House
2014-06,12224,2014-06-01,Combined Accounts,House
2014-07,15042,2014-07-01,Combined Accounts,House
2014-08,10378,2014-08-01,Combined Accounts,House
2014-09,11533,2014-09-01,Combined Accounts,House
2014-10,11099,2014-10-01,Combined Accounts,House
2014-11,8632,2014-11-01,Combined Accounts,House
2014-12,7361,2014-12-01,Combined Accounts,House
2015-01,13431,2015-01-01,Combined Accounts,House
2015-02,14101,2015-02-01,Combined Accounts,House
2015-03,15786,2015-03-01,Combined Accounts,House
2015-04,15287,2015-04-01,Combined Accounts,House
2015-05,14226,2015-05-01,Combined Accounts,House
2015-06,16553,2015-06-01,Combined Accounts,House
2015-07,19232,2015-07-01,Combined Accounts,House
2015-08,12559,2015-08-01,Combined Accounts,House
2015-09,15989,2015-09-01,Combined Accounts,House
2015-10,16624,2015-10-01,Combined Accounts,House
2015-11,14403,2015-11-01,Combined Accounts,House
2015-12,12689,2015-12-01,Combined Accounts,House
2016-01,16561,2016-01-01,Combined Accounts,House
2016-02,16833,2016-02-01,Combined Accounts,House
2016-03,19726,2016-03-01,Combined Accounts,House
2016-04,18840,2016-04-01,Combined Accounts,House
2016-05,19365,2016-05-01,Combined Accounts,House
2016-06,22729,2016-06-01,Combined Accounts,House
2016-07,18172,2016-07-01,Combined Accounts,House
2016-08,16045,2016-08-01,Combined Accounts,House
2016-09,20441,2016-09-01,Combined Accounts,House
2016-10,17405,2016-10-01,Combined Accounts,House
2016-11,15201,2016-11-01,Combined Accounts,House
2016-12,12506,2016-12-01,Combined Accounts,House
2017-01,23911,2017-01-01,Combined Accounts,House
2017-02,21990,2017-02-01,Combined Accounts,House
2017-03,32336,2017-03-01,Combined Accounts,House
2017-04,22680,2017-04-01,Combined Accounts,House
2017-05,26287,2017-05-01,Combined Accounts,House
2017-06,27031,2017-06-01,Combined Accounts,House
2017-07,25336,2017-07-01,Combined Accounts,House
2017-08,22091,2017-08-01,Combined Accounts,House
2017-09,26247,2017-09-01,Combined Accounts,House
2017-10,27884,2017-10-01,Combined Accounts,House
2017-11,24030,2017-11-01,Combined Accounts,House
2017-12,23580,2017-12-01,Combined Accounts,House
2018-01,29312,2018-01-01,Combined Accounts,House
2018-02,25080,2018-02-01,Combined Accounts,House
2018-03,30215,2018-03-01,Combined Accounts,House
2018-04,26719,2018-04-01,Combined Accounts,House
2018-05,29974,2018-05-01,Combined Accounts,House
2018-06,33253,2018-06-01,Combined Accounts,House
2018-07,29406,2018-07-01,Combined Accounts,House
2018-08,26034,2018-08-01,Combined Accounts,House
2018-09,28585,2018-09-01,Combined Accounts,House
2018-10,32625,2018-10-01,Combined Accounts,House
2018-11,23547,2018-11-01,Combined Accounts,House
2018-12,17939,2018-12-01,Combined Accounts,House
2019-01,15082,2019-01-01,Combined Accounts,House
2019-02,24383,2019-02-01,Combined Accounts,House
2019-03,29105,2019-03-01,Combined Accounts,House
2019-04,21178,2019-04-01,Combined Accounts,House
2019-05,16957,2019-05-01,Combined Accounts,House
2019-06,23486,2019-06-01,Combined Accounts,House
2019-07,19817,2019-07-01,Combined Accounts,House
2019-08,15263,2019-08-01,Combined Accounts,House
2019-09,24280,2019-09-01,Combined Accounts,House
2019-10,30053,2019-10-01,Combined Accounts,House
2019-11,31651,2019-11-01,Combined Accounts,House
2019-12,19930,2019-12-01,Combined Accounts,House
2020-01,27524,2020-01-01,Combined Accounts,House
2020-02,29563,2020-02-01,Combined Accounts,House
2020-03,49965,2020-03-01,Combined Accounts,House
2020-04,34650,2020-04-01,Combined Accounts,House
2020-05,26538,2020-05-01,Combined Accounts,House
2020-06,21870,2020-06-01,Combined Accounts,House
2020-07,22629,2020-07-01,Combined Accounts,House
2020-08,24246,2020-08-01,Combined Accounts,House
2020-09,25368,2020-09-01,Combined Accounts,House
2020-10,28874,2020-10-01,Combined Accounts,House
2020-11,18317,2020-11-01,Combined Accounts,House
2008-12,77,2008-12-01,All Accounts,House
2009-01,145,2009-01-01,All Accounts,House
2009-02,426,2009-02-01,All Accounts,House
2009-03,584,2009-03-01,All Accounts,House
2009-04,565,2009-04-01,All Accounts,House
2009-05,488,2009-05-01,All Accounts,House
2009-06,715,2009-06-01,All Accounts,House
2009-07,929,2009-07-01,All Accounts,House
2009-08,601,2009-08-01,All Accounts,House
2009-09,995,2009-09-01,All Accounts,House
2009-10,994,2009-10-01,All Accounts,House
2009-11,1009,2009-11-01,All Accounts,House
2009-12,682,2009-12-01,All Accounts,House
2010-01,1198,2010-01-01,All Accounts,House
2010-02,1166,2010-02-01,All Accounts,House
2010-03,2065,2010-03-01,All Accounts,House
2010-04,1566,2010-04-01,All Accounts,House
2010-05,1503,2010-05-01,All Accounts,House
2010-06,1946,2010-06-01,All Accounts,House
2010-07,1762,2010-07-01,All Accounts,House
2010-08,1732,2010-08-01,All Accounts,House
2010-09,2003,2010-09-01,All Accounts,House
2010-10,2207,2010-10-01,All Accounts,House
2010-11,1040,2010-11-01,All Accounts,House
2010-12,832,2010-12-01,All Accounts,House
2011-01,1657,2011-01-01,All Accounts,House
2011-02,1643,2011-02-01,All Accounts,House
2011-03,2422,2011-03-01,All Accounts,House
2011-04,2023,2011-04-01,All Accounts,House
2011-05,2748,2011-05-01,All Accounts,House
2011-06,2578,2011-06-01,All Accounts,House
2011-07,2898,2011-07-01,All Accounts,House
2011-08,2023,2011-08-01,All Accounts,House
2011-09,2813,2011-09-01,All Accounts,House
2011-10,3451,2011-10-01,All Accounts,House
2011-11,2938,2011-11-01,All Accounts,House
2011-12,2573,2011-12-01,All Accounts,House
2012-01,3476,2012-01-01,All Accounts,House
2012-02,4269,2012-02-01,All Accounts,House
2012-03,4502,2012-03-01,All Accounts,House
2012-04,4605,2012-04-01,All Accounts,House
2012-05,4999,2012-05-01,All Accounts,House
2012-06,5487,2012-06-01,All Accounts,House
2012-07,5227,2012-07-01,All Accounts,House
2012-08,4563,2012-08-01,All Accounts,House
2012-09,5330,2012-09-01,All Accounts,House
2012-10,6628,2012-10-01,All Accounts,House
2012-11,4461,2012-11-01,All Accounts,House
2012-12,2648,2012-12-01,All Accounts,House
2013-01,5077,2013-01-01,All Accounts,House
2013-02,6099,2013-02-01,All Accounts,House
2013-03,6817,2013-03-01,All Accounts,House
2013-04,7815,2013-04-01,All Accounts,House
2013-05,10321,2013-05-01,All Accounts,House
2013-06,10521,2013-06-01,All Accounts,House
2013-07,10926,2013-07-01,All Accounts,House
2013-08,8233,2013-08-01,All Accounts,House
2013-09,10585,2013-09-01,All Accounts,House
2013-10,11591,2013-10-01,All Accounts,House
2013-11,9289,2013-11-01,All Accounts,House
2013-12,7671,2013-12-01,All Accounts,House
2014-01,11651,2014-01-01,All Accounts,House
2014-02,10352,2014-02-01,All Accounts,House
2014-03,12691,2014-03-01,All Accounts,House
2014-04,12917,2014-04-01,All Accounts,House
2014-05,14465,2014-05-01,All Accounts,House
2014-06,13206,2014-06-01,All Accounts,House
2014-07,16193,2014-07-01,All Accounts,House
2014-08,11557,2014-08-01,All Accounts,House
2014-09,12967,2014-09-01,All Accounts,House
2014-10,13079,2014-10-01,All Accounts,House
2014-11,9925,2014-11-01,All Accounts,House
2014-12,7898,2014-12-01,All Accounts,House
2015-01,14584,2015-01-01,All Accounts,House
2015-02,15341,2015-02-01,All Accounts,House
2015-03,16522,2015-03-01,All Accounts,House
2015-04,16223,2015-04-01,All Accounts,House
2015-05,15100,2015-05-01,All Accounts,House
2015-06,17633,2015-06-01,All Accounts,House
2015-07,20314,2015-07-01,All Accounts,House
2015-08,13620,2015-08-01,All Accounts,House
2015-09,17304,2015-09-01,All Accounts,House
2015-10,17957,2015-10-01,All Accounts,House
2015-11,15656,2015-11-01,All Accounts,House
2015-12,13620,2015-12-01,All Accounts,House
2016-01,17925,2016-01-01,All Accounts,House
2016-02,18618,2016-02-01,All Accounts,House
2016-03,21116,2016-03-01,All Accounts,House
2016-04,20427,2016-04-01,All Accounts,House
2016-05,21082,2016-05-01,All Accounts,House
2016-06,25061,2016-06-01,All Accounts,House
2016-07,21181,2016-07-01,All Accounts,House
2016-08,18658,2016-08-01,All Accounts,House
2016-09,23229,2016-09-01,All Accounts,House
2016-10,20932,2016-10-01,All Accounts,House
2016-11,18028,2016-11-01,All Accounts,House
2016-12,13426,2016-12-01,All Accounts,House
2017-01,25791,2017-01-01,All Accounts,House
2017-02,24106,2017-02-01,All Accounts,House
2017-03,33426,2017-03-01,All Accounts,House
2017-04,24293,2017-04-01,All Accounts,House
2017-05,28245,2017-05-01,All Accounts,House
2017-06,29461,2017-06-01,All Accounts,House
2017-07,27397,2017-07-01,All Accounts,House
2017-08,24028,2017-08-01,All Accounts,House
2017-09,28377,2017-09-01,All Accounts,House
2017-10,29926,2017-10-01,All Accounts,House
2017-11,26155,2017-11-01,All Accounts,House
2017-12,25558,2017-12-01,All Accounts,House
2018-01,31938,2018-01-01,All Accounts,House
2018-02,28319,2018-02-01,All Accounts,House
2018-03,31876,2018-03-01,All Accounts,House
2018-04,29867,2018-04-01,All Accounts,House
2018-05,32666,2018-05-01,All Accounts,House
2018-06,37454,2018-06-01,All Accounts,House
2018-07,32198,2018-07-01,All Accounts,House
2018-08,29476,2018-08-01,All Accounts,House
2018-09,32691,2018-09-01,All Accounts,House
2018-10,37642,2018-10-01,All Accounts,House
2018-11,27870,2018-11-01,All Accounts,House
2018-12,19553,2018-12-01,All Accounts,House
2019-01,16916,2019-01-01,All Accounts,House
2019-02,29868,2019-02-01,All Accounts,House
2019-03,33553,2019-03-01,All Accounts,House
2019-04,25460,2019-04-01,All Accounts,House
2019-05,20182,2019-05-01,All Accounts,House
2019-06,28659,2019-06-01,All Accounts,House
2019-07,23744,2019-07-01,All Accounts,House
2019-08,18527,2019-08-01,All Accounts,House
2019-09,29016,2019-09-01,All Accounts,House
2019-10,35557,2019-10-01,All Accounts,House
2019-11,37667,2019-11-01,All Accounts,House
2019-12,24053,2019-12-01,All Accounts,House
2020-01,34006,2020-01-01,All Accounts,House
2020-02,38429,2020-02-01,All Accounts,House
2020-03,58702,2020-03-01,All Accounts,House
2020-04,41531,2020-04-01,All Accounts,House
2020-05,32206,2020-05-01,All Accounts,House
2020-06,25599,2020-06-01,All Accounts,House
2020-07,26875,2020-07-01,All Accounts,House
2020-08,30051,2020-08-01,All Accounts,House
2020-09,31374,2020-09-01,All Accounts,House
2020-10,35813,2020-10-01,All Accounts,House
2020-11,23084,2020-11-01,All Accounts,House
